{
    "NY Arrests": {
        "Naive Bayes": {
            "accuracy": [
                0.7342644900137895,
                0.7011261716906062
            ],
            "recall": [
                0.7604495648176979,
                0.5167525773195877
            ],
            "precision": [
                0.722606551602677,
                0.045106861642294716
            ],
            "auc": [
                0.7342644900137894,
                0.6114162443415334
            ],
            "f1": [
                0.7410452397809534,
                0.0829712393958204
            ]
        },
        "KNN": {
            "accuracy": [
                0.9312308171344691,
                0.9018140130824736
            ],
            "recall": [
                0.9518852957312101,
                0.7603092783505154
            ],
            "precision": [
                0.914123795013456,
                0.1779252110977081
            ],
            "auc": [
                0.9312308171344691,
                0.8329626164621492
            ],
            "f1": [
                0.9326224649892498,
                0.2883675464320626
            ]
        },
        "Decision Tree": {
            "accuracy": [
                0.9990139821775426,
                0.9580551621822105
            ],
            "recall": [
                0.9983393384042821,
                0.2757731958762887
            ],
            "precision": [
                0.9996882052500297,
                0.23883928571428573
            ],
            "auc": [
                0.9990139821775424,
                0.6260799363496116
            ],
            "f1": [
                0.999013316517675,
                0.25598086124401914
            ]
        },
        "MLP": {
            "accuracy": [
                0.5,
                0.026164947063186998
            ],
            "recall": [
                1.0,
                1.0
            ],
            "precision": [
                0.5,
                0.026164947063186998
            ],
            "auc": [
                0.5,
                0.5
            ],
            "f1": [
                0.6666666666666666,
                0.05099559702963791
            ]
        },
        "Random Forest": {
            "accuracy": [
                0.7988078822116453,
                0.7160631195630184
            ],
            "recall": [
                0.8772444879379624,
                0.5115979381443299
            ],
            "precision": [
                0.7582892224087769,
                0.04704348856499585
            ],
            "auc": [
                0.7988078822116453,
                0.6165773085223414
            ],
            "f1": [
                0.8134409415258549,
                0.08616386326641345
            ]
        },
        "Gradient Boosting": {
            "accuracy": [
                1.0,
                0.9815226920223885
            ],
            "recall": [
                1.0,
                0.45618556701030927
            ],
            "precision": [
                1.0,
                0.7375
            ],
            "auc": [
                1.0,
                0.725911494120763
            ],
            "f1": [
                1.0,
                0.5636942675159236
            ]
        }
    },
    "Financial Distress": {
        "Naive Bayes": {
            "accuracy": [
                0.57,
                0.18058076225045372
            ],
            "recall": [
                0.97,
                0.9722222222222222
            ],
            "precision": [
                0.5388888888888889,
                0.03735325506937033
            ],
            "auc": [
                0.5700000000000001,
                0.563034188034188
            ],
            "f1": [
                0.6928571428571428,
                0.07194244604316546
            ]
        },
        "KNN": {
            "accuracy": [
                0.815,
                0.7386569872958257
            ],
            "recall": [
                0.77,
                0.8055555555555556
            ],
            "precision": [
                0.8461538461538461,
                0.0935483870967742
            ],
            "auc": [
                0.815,
                0.7709766520742131
            ],
            "f1": [
                0.806282722513089,
                0.1676300578034682
            ]
        },
        "Decision Tree": {
            "accuracy": [
                1.0,
                0.8439201451905626
            ],
            "recall": [
                1.0,
                0.8333333333333334
            ],
            "precision": [
                1.0,
                0.15306122448979592
            ],
            "auc": [
                1.0,
                0.8388055034396499
            ],
            "f1": [
                1.0,
                0.25862068965517243
            ]
        },
        "MLP": {
            "accuracy": [
                0.52,
                0.050816696914700546
            ],
            "recall": [
                1.0,
                1.0
            ],
            "precision": [
                0.5102040816326531,
                0.033271719038817
            ],
            "auc": [
                0.52,
                0.5093808630393997
            ],
            "f1": [
                0.6756756756756757,
                0.06440071556350627
            ]
        },
        "Random Forest": {
            "accuracy": [
                1.0,
                0.8557168784029038
            ],
            "recall": [
                1.0,
                0.8333333333333334
            ],
            "precision": [
                1.0,
                0.16393442622950818
            ],
            "auc": [
                1.0,
                0.8449030644152596
            ],
            "f1": [
                1.0,
                0.273972602739726
            ]
        },
        "Gradient Boosting": {
            "accuracy": [
                1.0,
                0.8339382940108893
            ],
            "recall": [
                1.0,
                0.8333333333333334
            ],
            "precision": [
                1.0,
                0.14492753623188406
            ],
            "auc": [
                1.0,
                0.8336460287679801
            ],
            "f1": [
                1.0,
                0.24691358024691357
            ]
        }
    }
}