{
    "NY Arrests": {
        "Naive Bayes": {
            "accuracy": [
                0.6729374063468985,
                0.5020571968164036
            ],
            "recall": [
                0.8499770039909202,
                0.7367724867724867
            ],
            "precision": [
                0.6277158728593498,
                0.03683131653772399
            ],
            "auc": [
                0.6729374063468985,
                0.6163444382921127
            ],
            "f1": [
                0.7221311888676011,
                0.07015555135713836
            ]
        },
        "KNN": {
            "accuracy": [
                0.9368351557052357,
                0.9063806825846485
            ],
            "recall": [
                0.9589632508938771,
                0.7619047619047619
            ],
            "precision": [
                0.9183218253629983,
                0.18158890290037832
            ],
            "auc": [
                0.9368351557052357,
                0.8360326688815061
            ],
            "f1": [
                0.9382026141419126,
                0.29327902240325865
            ]
        },
        "Decision Tree": {
            "accuracy": [
                0.9981306470038426,
                0.9622959665452583
            ],
            "recall": [
                0.9977300713618088,
                0.3531746031746032
            ],
            "precision": [
                0.9985300449895321,
                0.29799107142857145
            ],
            "auc": [
                0.9981306470038425,
                0.6657034422296051
            ],
            "f1": [
                0.9981298978864878,
                0.32324455205811137
            ]
        },
        "MLP": {
            "accuracy": [
                0.5,
                0.025495750708215296
            ],
            "recall": [
                1.0,
                1.0
            ],
            "precision": [
                0.5,
                0.025495750708215296
            ],
            "auc": [
                0.5,
                0.5
            ],
            "f1": [
                0.6666666666666666,
                0.049723756906077346
            ]
        },
        "Random Forest": {
            "accuracy": [
                0.6875139088764595,
                0.4975718332658843
            ],
            "recall": [
                0.8809103452368588,
                0.6150793650793651
            ],
            "precision": [
                0.6352140702227357,
                0.030851910828025478
            ],
            "auc": [
                0.6875139088764595,
                0.5547884366925064
            ],
            "f1": [
                0.7381539934235472,
                0.05875663381349507
            ]
        },
        "Gradient Boosting": {
            "accuracy": [
                1.0,
                0.9841831916902738
            ],
            "recall": [
                1.0,
                0.5052910052910053
            ],
            "precision": [
                1.0,
                0.80083857442348
            ],
            "auc": [
                1.0,
                0.7510016765103975
            ],
            "f1": [
                1.0,
                0.6196269261962692
            ]
        }
    },
    "Financial Distress": {
        "Naive Bayes": {
            "accuracy": [
                0.7990196078431373,
                0.9355716878402904
            ],
            "recall": [
                0.6470588235294118,
                0.5882352941176471
            ],
            "precision": [
                0.9295774647887324,
                0.2597402597402597
            ],
            "auc": [
                0.7990196078431372,
                0.7674322538003966
            ],
            "f1": [
                0.7630057803468208,
                0.36036036036036034
            ]
        },
        "KNN": {
            "accuracy": [
                0.7745098039215687,
                0.6751361161524501
            ],
            "recall": [
                0.8235294117647058,
                0.8235294117647058
            ],
            "precision": [
                0.75,
                0.07368421052631578
            ],
            "auc": [
                0.7745098039215687,
                0.7469706983917163
            ],
            "f1": [
                0.7850467289719626,
                0.13526570048309178
            ]
        },
        "Decision Tree": {
            "accuracy": [
                0.8480392156862745,
                0.7577132486388385
            ],
            "recall": [
                0.9313725490196079,
                0.8823529411764706
            ],
            "precision": [
                0.7983193277310925,
                0.10238907849829351
            ],
            "auc": [
                0.8480392156862745,
                0.8180491297642652
            ],
            "f1": [
                0.8597285067873304,
                0.1834862385321101
            ]
        },
        "MLP": {
            "accuracy": [
                0.5343137254901961,
                0.06170598911070781
            ],
            "recall": [
                1.0,
                1.0
            ],
            "precision": [
                0.5177664974619289,
                0.031835205992509365
            ],
            "auc": [
                0.5343137254901961,
                0.5159176029962547
            ],
            "f1": [
                0.6822742474916388,
                0.06170598911070781
            ]
        },
        "Random Forest": {
            "accuracy": [
                0.9950980392156863,
                0.8457350272232305
            ],
            "recall": [
                1.0,
                0.8529411764705882
            ],
            "precision": [
                0.9902912621359223,
                0.14948453608247422
            ],
            "auc": [
                0.9950980392156863,
                0.8492233972240582
            ],
            "f1": [
                0.9951219512195122,
                0.2543859649122807
            ]
        },
        "Gradient Boosting": {
            "accuracy": [
                1.0,
                0.838475499092559
            ],
            "recall": [
                1.0,
                0.8823529411764706
            ],
            "precision": [
                1.0,
                0.14705882352941177
            ],
            "auc": [
                1.0,
                0.8597157964309319
            ],
            "f1": [
                1.0,
                0.25210084033613445
            ]
        }
    }
}