{
    "NY Arrests": {
        "Naive Bayes": {
            "accuracy": [
                0.6573602553633732,
                0.6831603074019145
            ],
            "recall": [
                0.6306436047806399,
                0.5950617283950618
            ],
            "precision": [
                0.6662431771127423,
                0.05045007326774126
            ],
            "auc": [
                0.6573602553633732,
                0.6403474142009962
            ],
            "f1": [
                0.6479547864023614,
                0.09301428020069472
            ]
        }
    },
    "Financial Distress": {
        "Naive Bayes": {
            "accuracy": [
                0.8,
                0.9228675136116152
            ],
            "recall": [
                0.6526315789473685,
                0.6341463414634146
            ],
            "precision": [
                0.9253731343283582,
                0.2708333333333333
            ],
            "auc": [
                0.8,
                0.7840854233236018
            ],
            "f1": [
                0.7654320987654321,
                0.3795620437956204
            ]
        },
        "KNN": {
            "accuracy": [
                0.6684210526315789,
                0.5317604355716878
            ],
            "recall": [
                0.7368421052631579,
                0.8048780487804879
            ],
            "precision": [
                0.6481481481481481,
                0.06099815157116451
            ],
            "auc": [
                0.6684210526315789,
                0.6630422289142779
            ],
            "f1": [
                0.6896551724137931,
                0.1134020618556701
            ]
        },
        "Decision Tree": {
            "accuracy": [
                0.8736842105263158,
                0.7223230490018149
            ],
            "recall": [
                0.9789473684210527,
                0.9512195121951219
            ],
            "precision": [
                0.808695652173913,
                0.11370262390670553
            ],
            "auc": [
                0.8736842105263157,
                0.8323486816395025
            ],
            "f1": [
                0.8857142857142857,
                0.203125
            ]
        },
        "MLP": {
            "accuracy": [
                0.5052631578947369,
                0.9627949183303085
            ],
            "recall": [
                0.010526315789473684,
                0.0
            ],
            "precision": [
                1.0,
                0.0
            ],
            "auc": [
                0.5052631578947369,
                0.5
            ],
            "f1": [
                0.020833333333333332,
                0.0
            ]
        },
        "Random Forest": {
            "accuracy": [
                0.9105263157894737,
                0.8457350272232305
            ],
            "recall": [
                0.9157894736842105,
                0.8048780487804879
            ],
            "precision": [
                0.90625,
                0.16923076923076924
            ],
            "auc": [
                0.9105263157894737,
                0.8260959518171996
            ],
            "f1": [
                0.9109947643979057,
                0.2796610169491525
            ]
        },
        "Gradient Boosting": {
            "accuracy": [
                1.0,
                0.8411978221415608
            ],
            "recall": [
                1.0,
                0.8292682926829268
            ],
            "precision": [
                1.0,
                0.16831683168316833
            ],
            "auc": [
                1.0,
                0.83546355256201
            ],
            "f1": [
                1.0,
                0.27983539094650206
            ]
        }
    }
}