{
    "NY Arrests": {
        "Naive Bayes": {
            "accuracy": [
                0.7003813678790307,
                0.5543342661586702
            ],
            "recall": [
                0.8507026369288756,
                0.7230169050715215
            ],
            "precision": [
                0.6540633663818184,
                0.040999926259125435
            ],
            "auc": [
                0.7003813678790306,
                0.6364305709158231
            ],
            "f1": [
                0.7395348237206363,
                0.07759944173063503
            ]
        },
        "KNN": {
            "accuracy": [
                0.937578833340753,
                0.9037391685491756
            ],
            "recall": [
                0.9600973452640639,
                0.7659297789336801
            ],
            "precision": [
                0.9187208906054755,
                0.18045343137254902
            ],
            "auc": [
                0.9375788333407529,
                0.8366685931705438
            ],
            "f1": [
                0.9389535094657253,
                0.2920902553930077
            ]
        },
        "Decision Tree": {
            "accuracy": [
                0.6810755464541691,
                0.4414174449576857
            ],
            "recall": [
                0.9289943462582914,
                0.8010403120936281
            ],
            "precision": [
                0.6210529448528318,
                0.0361714621256606
            ],
            "auc": [
                0.6810755464541691,
                0.6164426205674094
            ],
            "f1": [
                0.7444349315068494,
                0.06921737176245857
            ]
        },
        "MLP": {
            "accuracy": [
                0.5,
                0.025928048821605584
            ],
            "recall": [
                1.0,
                1.0
            ],
            "precision": [
                0.5,
                0.025928048821605584
            ],
            "auc": [
                0.5,
                0.5
            ],
            "f1": [
                0.6666666666666666,
                0.050545550151176545
            ]
        },
        "Random Forest": {
            "accuracy": [
                0.6810755464541691,
                0.4414174449576857
            ],
            "recall": [
                0.9289943462582914,
                0.8010403120936281
            ],
            "precision": [
                0.6210529448528318,
                0.0361714621256606
            ],
            "auc": [
                0.6810755464541691,
                0.6164426205674094
            ],
            "f1": [
                0.7444349315068494,
                0.06921737176245857
            ]
        },
        "Gradient Boosting": {
            "accuracy": [
                1.0,
                0.9831079942007485
            ],
            "recall": [
                1.0,
                0.4980494148244473
            ],
            "precision": [
                1.0,
                0.7690763052208835
            ],
            "auc": [
                1.0,
                0.7470343993471491
            ],
            "f1": [
                1.0,
                0.6045777426992897
            ]
        }
    },
    "Financial Distress": {
        "Naive Bayes": {
            "accuracy": [
                0.5789473684210527,
                0.23139745916515425
            ],
            "recall": [
                0.9789473684210527,
                0.8536585365853658
            ],
            "precision": [
                0.543859649122807,
                0.03995433789954338
            ],
            "auc": [
                0.5789473684210527,
                0.5305050458610147
            ],
            "f1": [
                0.6992481203007519,
                0.07633587786259542
            ]
        },
        "KNN": {
            "accuracy": [
                0.8105263157894737,
                0.7078039927404719
            ],
            "recall": [
                0.8105263157894737,
                0.8292682926829268
            ],
            "precision": [
                0.8105263157894737,
                0.09742120343839542
            ],
            "auc": [
                0.8105263157894737,
                0.7661892830049883
            ],
            "f1": [
                0.8105263157894737,
                0.17435897435897435
            ]
        },
        "Decision Tree": {
            "accuracy": [
                1.0,
                0.794010889292196
            ],
            "recall": [
                1.0,
                0.8292682926829268
            ],
            "precision": [
                1.0,
                0.13385826771653545
            ],
            "auc": [
                1.0,
                0.8109583687731315
            ],
            "f1": [
                1.0,
                0.2305084745762712
            ]
        },
        "MLP": {
            "accuracy": [
                0.5157894736842106,
                0.05716878402903811
            ],
            "recall": [
                1.0,
                1.0
            ],
            "precision": [
                0.5080213903743316,
                0.03796296296296296
            ],
            "auc": [
                0.5157894736842106,
                0.5103675777568332
            ],
            "f1": [
                0.6737588652482269,
                0.07314897413024085
            ]
        },
        "Random Forest": {
            "accuracy": [
                1.0,
                0.8611615245009074
            ],
            "recall": [
                1.0,
                0.8292682926829268
            ],
            "precision": [
                1.0,
                0.18888888888888888
            ],
            "auc": [
                1.0,
                0.8458311303188432
            ],
            "f1": [
                1.0,
                0.3076923076923077
            ]
        },
        "Gradient Boosting": {
            "accuracy": [
                1.0,
                0.8602540834845736
            ],
            "recall": [
                1.0,
                0.8780487804878049
            ],
            "precision": [
                1.0,
                0.1945945945945946
            ],
            "auc": [
                1.0,
                0.8688076136180777
            ],
            "f1": [
                1.0,
                0.3185840707964602
            ]
        }
    }
}