{
    "NY Arrests": {
        "Naive Bayes": {
            "accuracy": [
                0.6658560094906206,
                0.6911824187676958
            ],
            "recall": [
                0.6362126492177652,
                0.6067270375161707
            ],
            "precision": [
                0.6763087787884042,
                0.05028412136807119
            ],
            "auc": [
                0.6658560094906206,
                0.6500844047245156
            ],
            "f1": [
                0.6556482670089859,
                0.09287128712871287
            ]
        }
    },
    "Financial Distress": {
        "Naive Bayes": {
            "accuracy": [
                0.7736842105263158,
                0.9228675136116152
            ],
            "recall": [
                0.6105263157894737,
                0.7317073170731707
            ],
            "precision": [
                0.90625,
                0.28846153846153844
            ],
            "auc": [
                0.7736842105263159,
                0.8309808969908737
            ],
            "f1": [
                0.7295597484276729,
                0.41379310344827586
            ]
        },
        "KNN": {
            "accuracy": [
                0.6842105263157895,
                0.5653357531760436
            ],
            "recall": [
                0.7052631578947368,
                0.7073170731707317
            ],
            "precision": [
                0.6767676767676768,
                0.05846774193548387
            ],
            "auc": [
                0.6842105263157896,
                0.6335831360198616
            ],
            "f1": [
                0.6907216494845361,
                0.10800744878957169
            ]
        },
        "Decision Tree": {
            "accuracy": [
                0.8842105263157894,
                0.8421052631578947
            ],
            "recall": [
                0.8421052631578947,
                0.8292682926829268
            ],
            "precision": [
                0.9195402298850575,
                0.1691542288557214
            ],
            "auc": [
                0.8842105263157894,
                0.8359348060964116
            ],
            "f1": [
                0.8791208791208791,
                0.2809917355371901
            ]
        },
        "MLP": {
            "accuracy": [
                0.5,
                0.9609800362976406
            ],
            "recall": [
                0.0,
                0.0
            ],
            "precision": [
                0.0,
                0.0
            ],
            "auc": [
                0.5,
                0.499057492931197
            ],
            "f1": [
                0.0,
                0.0
            ]
        },
        "Random Forest": {
            "accuracy": [
                1.0,
                0.8248638838475499
            ],
            "recall": [
                1.0,
                0.8536585365853658
            ],
            "precision": [
                1.0,
                0.15765765765765766
            ],
            "auc": [
                1.0,
                0.8387048573596009
            ],
            "f1": [
                1.0,
                0.2661596958174905
            ]
        },
        "Gradient Boosting": {
            "accuracy": [
                1.0,
                0.8284936479128857
            ],
            "recall": [
                1.0,
                0.7560975609756098
            ],
            "precision": [
                1.0,
                0.14761904761904762
            ],
            "auc": [
                1.0,
                0.7936943978299349
            ],
            "f1": [
                1.0,
                0.24701195219123506
            ]
        }
    }
}