{
    "NY Arrests": {
        "Naive Bayes": {
            "accuracy": [
<<<<<<< HEAD
                0.7003813678790307,
                0.5543342661586702
            ],
            "recall": [
                0.8507026369288756,
                0.7230169050715215
            ],
            "precision": [
                0.6540633663818184,
                0.040999926259125435
            ],
            "auc": [
                0.7003813678790306,
                0.6364305709158231
            ],
            "f1": [
                0.7395348237206363,
                0.07759944173063503
=======
<<<<<<< Updated upstream
                0.7041343860636675,
                0.6555338366136425
            ],
            "recall": [
                0.7559660479653961,
                0.6101036269430051
            ],
            "precision": [
                0.6849607408898731,
                0.04532768742180733
            ],
            "auc": [
                0.7041343860636674,
                0.6334255158936479
            ],
            "f1": [
                0.7187139115004366,
                0.08438591776404192
=======
                0.7151518299741756,
                0.6371269600404653
            ],
            "recall": [
                0.7929888094036629,
                0.6648575305291723
            ],
            "precision": [
                0.6861700078338706,
                0.044529262086514
            ],
            "auc": [
                0.7151518299741755,
                0.6506388766139187
            ],
            "f1": [
                0.735722400082619,
                0.08346818839962525
>>>>>>> Stashed changes
>>>>>>> 3925840c5c1e5ae0a9510e4879eb355cf0f8cc93
            ]
        },
        "KNN": {
            "accuracy": [
<<<<<<< HEAD
                0.937578833340753,
                0.9037391685491756
            ],
            "recall": [
                0.9600973452640639,
                0.7659297789336801
            ],
            "precision": [
                0.9187208906054755,
                0.18045343137254902
            ],
            "auc": [
                0.9375788333407529,
                0.8366685931705438
            ],
            "f1": [
                0.9389535094657253,
                0.2920902553930077
=======
<<<<<<< Updated upstream
                0.9418578814048914,
                0.9101172822863306
            ],
            "recall": [
                0.9643740649117869,
                0.7590673575129534
            ],
            "precision": [
                0.9228174125051384,
                0.19106618845777634
            ],
            "auc": [
                0.9418578814048915,
                0.8366098033239507
            ],
            "f1": [
                0.9431381923015631,
                0.3052878353737953
=======
                0.9238252842174003,
                0.9012982633619963
            ],
            "recall": [
                0.939550001484164,
                0.7896879240162822
            ],
            "precision": [
                0.9109026288904557,
                0.1735241502683363
            ],
            "auc": [
                0.9238252842174004,
                0.8469153362387242
            ],
            "f1": [
                0.9250045662100457,
                0.28452701051087753
>>>>>>> Stashed changes
>>>>>>> 3925840c5c1e5ae0a9510e4879eb355cf0f8cc93
            ]
        },
        "Decision Tree": {
            "accuracy": [
<<<<<<< HEAD
                0.6810755464541691,
                0.4414174449576857
            ],
            "recall": [
                0.9289943462582914,
                0.8010403120936281
            ],
            "precision": [
                0.6210529448528318,
                0.0361714621256606
            ],
            "auc": [
                0.6810755464541691,
                0.6164426205674094
            ],
            "f1": [
                0.7444349315068494,
                0.06921737176245857
=======
<<<<<<< Updated upstream
                0.6804998000207386,
                0.44604340792666486
            ],
            "recall": [
                0.9314737730901981,
                0.8186528497409327
            ],
            "precision": [
                0.6201771342906738,
                0.037332388209581194
            ],
            "auc": [
                0.6804998000207386,
                0.6273714075694283
            ],
            "f1": [
                0.7445988430955778,
                0.07140839500593187
=======
                0.6778622102169848,
                0.44151070645759566
            ],
            "recall": [
                0.9238623883166612,
                0.8005427408412483
            ],
            "precision": [
                0.6192105681999045,
                0.03469567774184063
            ],
            "auc": [
                0.6778622102169848,
                0.6164516041850616
            ],
            "f1": [
                0.7414624849618239,
                0.0665088490587307
>>>>>>> Stashed changes
>>>>>>> 3925840c5c1e5ae0a9510e4879eb355cf0f8cc93
            ]
        },
        "MLP": {
            "accuracy": [
                0.5,
<<<<<<< HEAD
                0.025928048821605584
=======
<<<<<<< Updated upstream
                0.02601779455378808
=======
                0.02485247007250042
>>>>>>> Stashed changes
>>>>>>> 3925840c5c1e5ae0a9510e4879eb355cf0f8cc93
            ],
            "recall": [
                1.0,
                1.0
            ],
            "precision": [
                0.5,
<<<<<<< HEAD
                0.025928048821605584
=======
<<<<<<< Updated upstream
                0.02601779455378808
=======
                0.02485247007250042
>>>>>>> Stashed changes
>>>>>>> 3925840c5c1e5ae0a9510e4879eb355cf0f8cc93
            ],
            "auc": [
                0.5,
                0.5
            ],
            "f1": [
                0.6666666666666666,
<<<<<<< HEAD
                0.050545550151176545
=======
<<<<<<< Updated upstream
                0.050716068847720404
=======
                0.04849960515925243
>>>>>>> Stashed changes
>>>>>>> 3925840c5c1e5ae0a9510e4879eb355cf0f8cc93
            ]
        },
        "Random Forest": {
            "accuracy": [
<<<<<<< HEAD
                0.6810755464541691,
                0.4414174449576857
            ],
            "recall": [
                0.9289943462582914,
                0.8010403120936281
            ],
            "precision": [
                0.6210529448528318,
                0.0361714621256606
            ],
            "auc": [
                0.6810755464541691,
                0.6164426205674094
            ],
            "f1": [
                0.7444349315068494,
                0.06921737176245857
=======
<<<<<<< Updated upstream
                0.731368598811975,
                0.6127662442706929
            ],
            "recall": [
                0.851452441968981,
                0.572538860103627
            ],
            "precision": [
                0.6865623506927855,
                0.03809687984830202
            ],
            "auc": [
                0.731368598811975,
                0.593189845276727
            ],
            "f1": [
                0.7601684884312987,
                0.07144011637304025
=======
                0.6778622102169848,
                0.44151070645759566
            ],
            "recall": [
                0.9238623883166612,
                0.8005427408412483
            ],
            "precision": [
                0.6192105681999045,
                0.03469567774184063
            ],
            "auc": [
                0.6778622102169848,
                0.6164516041850616
            ],