{
    "NY Arrests": {},
    "Financial Distress": {
        "Naive Bayes": {
            "accuracy": [
                0.855640921957137,
                0.7894736842105263
            ],
            "recall": [
                0.9627982207844723,
                0.8461538461538461
            ],
            "precision": [
                0.7928737928737929,
                0.1274131274131274
            ],
            "auc": [
                0.8556409219571371,
                0.8167740068022289
            ],
            "f1": [
                0.8696128560993426,
                0.2214765100671141
            ]
        },
        "KNN": {
            "accuracy": [
                0.8922361504245855,
                0.7912885662431942
            ],
            "recall": [
                0.9943388596845936,
                0.7692307692307693
            ],
            "precision": [
                0.825721961047683,
                0.11952191235059761
            ],
            "auc": [
                0.8922361504245855,
                0.7806643027715464
            ],
            "f1": [
                0.9022197761878554,
                0.20689655172413793
            ]
        },
        "Decision Tree": {
            "accuracy": [
                0.8610998786898504,
                0.7676950998185118
            ],
            "recall": [
                0.9846340477153255,
                0.9487179487179487
            ],
            "precision": [
                0.7895590142671854,
                0.12714776632302405
            ],
            "auc": [
                0.8610998786898505,
                0.8548857852714861
            ],
            "f1": [
                0.8763721432427569,
                0.22424242424242424
            ]
        },
        "MLP": {
            "accuracy": [
                1.0,
                0.9618874773139746
            ],
            "recall": [
                1.0,
                0.28205128205128205
            ],
            "precision": [
                1.0,
                0.44
            ],
            "auc": [
                1.0,
                0.634440504619244
            ],
            "f1": [
                1.0,
                0.34375
            ]
        },
        "Random Forest": {
            "accuracy": [
                0.9704811969268096,
                0.9274047186932849
            ],
            "recall": [
                0.9995956328346138,
                0.717948717948718
            ],
            "precision": [
                0.9445930454719144,
                0.28865979381443296
            ],
            "auc": [
                0.9704811969268096,
                0.8265190438285452
            ],
            "f1": [
                0.9713163064833006,
                0.4117647058823529
            ]
        },
        "Gradient Boosting": {
            "accuracy": [
                1.0,
                0.9646098003629764
            ],
            "recall": [
                1.0,
                0.38461538461538464
            ],
            "precision": [
                1.0,
                0.5
            ],
            "auc": [
                1.0,
                0.6852521890151241
            ],
            "f1": [
                1.0,
                0.43478260869565216
            ]
        }
    }
}