{
    "NY Arrests": {
        "Simple Average": {
            "R2_train": 0.0,
            "R2_test": -76.20564955801096
        },
        "Persistence Model": {
            "Persistence Optimist": {
                "R2_train": 0.7710482762200617,
                "R2_test": 0.3558147597555533
            },
            "Persistence Realist": {
                "R2_train": -10.639542493329769,
                "R2_test": -3.368563265168805
            }
        },
        "Rolling Mean": {
            "R2_train": -7.878686961040646,
            "R2_test": -0.10689580385226738
        },
        "Exponential Smoothing": {
            "R2_train": 0.8569834415986934,
            "R2_test": -0.007704175098267152
        },
        "Linear Regression": {
            "R2_train": 0.9700141131863234,
            "R2_test": 0.7525873186213362
        },
        "ARIMA_Univariate": {
            "R2_train": 0.8950563015516475,
            "R2_test": 0.18214687662997853
        },
        "LSTM_Univariate": {
            "R2_train": 0.9309268235837983,
            "R2_test": 0.45321087082674205
        },
        "ARIMA_Multivariate": {
            "R2_train": 0.8950563015516475,
            "R2_test": 0.18214687662997853
        },
        "LSTM_Multivariate": {
            "R2_train": 0.9273765003727661,
            "R2_test": 0.4076569249419416
        }
    },
    "GDP": {
        "Simple Average": {
            "R2_train": 0.0,
            "R2_test": -4.603277540504713e-05
        },
        "Persistence Model": {
            "Persistence Optimist": {
                "R2_train": -1.2818160912538104,
                "R2_test": -1.8104518806511654
            },
            "Persistence Realist": {
                "R2_train": -2.6541255559657966,
                "R2_test": -0.5974028276734342
            }
        },
        "Rolling Mean": {
            "R2_train": -0.8001171825807996,
            "R2_test": -0.2853990440580436
        },
        "Exponential Smoothing": {
            "R2_train": -0.10202544394232027,
            "R2_test": -0.0015277717677040226
        },
        "Linear Regression": {
            "R2_train": 0.19050328273222294,
            "R2_test": 0.03272641870052384
        },
        "ARIMA_Univariate": {
            "R2_train": 0.3592421515635169,
            "R2_test": 0.8116255770686491
        },
        "LSTM_Univariate": {
            "R2_train": 0.5281217557675684,
            "R2_test": 0.5001189414094205
        },
        "ARIMA_Multivariate": {
            "R2_train": 0.32807896681269033,
            "R2_test": 0.09402994765087269
        },
        "LSTM_Multivariate": {
            "R2_train": -0.4335133347352027,
            "R2_test": -0.08103270104065885
        }
    }
}