{
    "NY Arrests": {
        "Naive Bayes": {
            "accuracy": [
                0.7083122751731724,
                0.6045883940620783
            ],
            "recall": [
                0.8193209858191872,
                0.6789808917197452
            ],
            "precision": [
                0.6704658800632527,
                0.04441296558620115
            ],
            "auc": [
                0.7083122751731724,
                0.6407727192960188
            ],
            "f1": [
                0.7374568515693988,
                0.08337243860472392
            ]
        },
        "KNN": {
            "accuracy": [
                0.926687873472664,
                0.8980769230769231
            ],
            "recall": [
                0.9480334155840295,
                0.7872611464968153
            ],
            "precision": [
                0.9092179169161463,
                0.17799539170506912
            ],
            "auc": [
                0.9266878734726641,
                0.8441764058597402
            ],
            "f1": [
                0.9282200553049047,
                0.29034531360112753
            ]
        },
        "Decision Tree": {
            "accuracy": [
                0.671797425454113,
                0.45587044534412957
            ],
            "recall": [
                0.8966316853464934,
                0.802547770700637
            ],
            "precision": [
                0.618508074852602,
                0.03794494970788412
            ],
            "auc": [
                0.671797425454113,
                0.62449343135621
            ],
            "f1": [
                0.7320432769616321,
                0.07246376811594203
            ]
        },
        "MLP": {
            "accuracy": [
                0.5,
                0.026484480431848853
            ],
            "recall": [
                1.0,
                1.0
            ],
            "precision": [
                0.5,
                0.026484480431848853
            ],
            "auc": [
                0.5,
                0.5
            ],
            "f1": [
                0.6666666666666666,
                0.05160230073952342
            ]
        },
        "Random Forest": {
            "accuracy": [
                0.7818473704551535,
                0.7000674763832658
            ],
            "recall": [
                0.8579689032910188,
                0.5643312101910828
            ],
            "precision": [
                0.7446075648898292,
                0.04927149371593816
            ],
            "auc": [
                0.7818473704551536,
                0.6340456952012424
            ],
            "f1": [
                0.7972788175979004,
                0.09063011456628478
            ]
        },
        "Gradient Boosting": {
            "accuracy": [
                1.0,
                0.9838056680161943
            ],
            "recall": [
                1.0,
                0.5222929936305732
            ],
            "precision": [
                1.0,
                0.7961165048543689
            ],
            "auc": [
                1.0,
                0.7593270547775115
            ],
            "f1": [
                1.0,
                0.6307692307692307
            ]
        }
    },
    "Financial Distress": {
        "Naive Bayes": {
            "accuracy": [
                0.5643564356435643,
                0.18421052631578946
            ],
            "recall": [
                0.9603960396039604,
                0.9714285714285714
            ],
            "precision": [
                0.5359116022099447,
                0.03648068669527897
            ],
            "auc": [
                0.5643564356435643,
                0.5649082875886999
            ],
            "f1": [
                0.6879432624113475,
                0.0703205791106515
            ]
        },
        "KNN": {
            "accuracy": [
                0.7524752475247525,
                0.6987295825771325
            ],
            "recall": [
                0.7821782178217822,
                0.8857142857142857
            ],
            "precision": [
                0.7383177570093458,
                0.08635097493036212
            ],
            "auc": [
                0.7524752475247525,
                0.7891551747221849
            ],
            "f1": [
                0.7596153846153846,
                0.15736040609137056
            ]
        },
        "Decision Tree": {
            "accuracy": [
                0.8514851485148515,
                0.7577132486388385
            ],
            "recall": [
                0.9801980198019802,
                0.9714285714285714
            ],
            "precision": [
                0.7795275590551181,
                0.11333333333333333
            ],
            "auc": [
                0.8514851485148515,
                0.8610657383853262
            ],
            "f1": [
                0.868421052631579,
                0.20298507462686566
            ]
        },
        "MLP": {
            "accuracy": [
                0.5346534653465347,
                0.05263157894736842
            ],
            "recall": [
                1.0,
                1.0
            ],
            "precision": [
                0.517948717948718,
                0.03243744207599629
            ],
            "auc": [
                0.5346534653465347,
                0.5107778819119025
            ],
            "f1": [
                0.6824324324324325,
                0.06283662477558348
            ]
        },
        "Random Forest": {
            "accuracy": [
                0.8910891089108911,
                0.8157894736842105
            ],
            "recall": [
                0.9504950495049505,
                0.9428571428571428
            ],
            "precision": [
                0.8495575221238938,
                0.14102564102564102
            ],
            "auc": [
                0.891089108910891,
                0.8772392555897711
            ],
            "f1": [
                0.897196261682243,
                0.24535315985130113
            ]
        },
        "Gradient Boosting": {
            "accuracy": [
                1.0,
                0.8275862068965517
            ],
            "recall": [
                1.0,
                0.9142857142857143
            ],
            "precision": [
                1.0,
                0.1461187214611872
            ],
            "auc": [
                1.0,
                0.8695139911634755
            ],
            "f1": [
                1.0,
                0.25196850393700787
            ]
        }
    }
}