{
    "NY Arrests": {
        "Naive Bayes": {
            "accuracy": [
                0.7041343860636675,
                0.6555338366136425
            ],
            "recall": [
                0.7559660479653961,
                0.6101036269430051
            ],
            "precision": [
                0.6849607408898731,
                0.04532768742180733
            ],
            "auc": [
                0.7041343860636674,
                0.6334255158936479
            ],
            "f1": [
                0.7187139115004366,
                0.08438591776404192
            ]
        },
        "KNN": {
            "accuracy": [
                0.9418578814048914,
                0.9101172822863306
            ],
            "recall": [
                0.9643740649117869,
                0.7590673575129534
            ],
            "precision": [
                0.9228174125051384,
                0.19106618845777634
            ],
            "auc": [
                0.9418578814048915,
                0.8366098033239507
            ],
            "f1": [
                0.9431381923015631,
                0.3052878353737953
            ]
        },
        "Decision Tree": {
            "accuracy": [
                0.6804998000207386,
                0.44604340792666486
            ],
            "recall": [
                0.9314737730901981,
                0.8186528497409327
            ],
            "precision": [
                0.6201771342906738,
                0.037332388209581194
            ],
            "auc": [
                0.6804998000207386,
                0.6273714075694283
            ],
            "f1": [
                0.7445988430955778,
                0.07140839500593187
            ]
        },
        "MLP": {
            "accuracy": [
                0.5,
                0.02601779455378808
            ],
            "recall": [
                1.0,
                1.0
            ],
            "precision": [
                0.5,
                0.02601779455378808
            ],
            "auc": [
                0.5,
                0.5
            ],
            "f1": [
                0.6666666666666666,
                0.050716068847720404
            ]
        },
        "Random Forest": {
            "accuracy": [
                0.731368598811975,
                0.6127662442706929
            ],
            "recall": [
                0.851452441968981,
                0.572538860103627
            ],
            "precision": [
                0.6865623506927855,
                0.03809687984830202
            ],
            "auc": [
                0.731368598811975,
                0.593189845276727
            ],
            "f1": [
                0.7601684884312987,
                0.07144011637304025
            ]
        },
        "Gradient Boosting": {
            "accuracy": [
                0.9999925933606886,
                0.9840590455648422
            ],
            "recall": [
                1.0,
                0.5362694300518135
            ],
            "precision": [
                0.9999851869408071,
                0.782608695652174
            ],
            "auc": [
                0.9999925933606885,
                0.7661450956487442
            ],
            "f1": [
                0.9999925934155465,
                0.6364335126825519
            ]
        }
    },
    "Financial Distress": {
        "Naive Bayes": {
            "accuracy": [
                0.8222222222222222,
                0.925589836660617
            ],
            "recall": [
                0.7,
                0.5
            ],
            "precision": [
                0.9264705882352942,
                0.2804878048780488
            ],
            "auc": [
                0.8222222222222222,
                0.7220643939393938
            ],
            "f1": [
                0.7974683544303798,
                0.359375
            ]
        },
        "KNN": {
            "accuracy": [
                0.8222222222222222,
                0.7041742286751361
            ],
            "recall": [
                0.8444444444444444,
                0.717391304347826
            ],
            "precision": [
                0.8085106382978723,
                0.0953757225433526
            ],
            "auc": [
                0.8222222222222223,
                0.7104948945981555
            ],
            "f1": [
                0.8260869565217391,
                0.1683673469387755
            ]
        },
        "Decision Tree": {
            "accuracy": [
                0.8555555555555555,
                0.8303085299455535
            ],
            "recall": [
                0.8666666666666667,
                0.7608695652173914
            ],
            "precision": [
                0.8478260869565217,
                0.16587677725118483
            ],
            "auc": [
                0.8555555555555556,
                0.7971014492753623
            ],
            "f1": [
                0.8571428571428571,
                0.2723735408560311
            ]
        },
        "MLP": {
            "accuracy": [
                0.5277777777777778,
                0.08348457350272233
            ],
            "recall": [
                1.0,
                1.0
            ],
            "precision": [
                0.5142857142857142,
                0.043560606060606064
            ],
            "auc": [
                0.5277777777777778,
                0.521780303030303
            ],
            "f1": [
                0.6792452830188679,
                0.08348457350272233
            ]
        },
        "Random Forest": {
            "accuracy": [
                0.8722222222222222,
                0.8584392014519057
            ],
            "recall": [
                0.8666666666666667,
                0.782608695652174
            ],
            "precision": [
                0.8764044943820225,
                0.1978021978021978
            ],
            "auc": [
                0.8722222222222222,
                0.8221755599472991
            ],
            "f1": [
                0.8715083798882681,
                0.3157894736842105
            ]
        },
        "Gradient Boosting": {
            "accuracy": [
                1.0,
                0.8620689655172413
            ],
            "recall": [
                1.0,
                0.8043478260869565
            ],
            "precision": [
                1.0,
                0.20555555555555555
            ],
            "auc": [
                1.0,
                0.834465579710145
            ],
            "f1": [
                1.0,
                0.3274336283185841
            ]
        }
    }
}