{
    "NY Arrests": {
        "Naive Bayes": {
            "accuracy": [
                0.6928221496437055,
                0.5543639552138135
            ],
            "recall": [
                0.8319032066508314,
                0.7230392156862745
            ],
            "precision": [
                0.6508589149447715,
                0.043452643982913534
            ],
            "auc": [
                0.6928221496437055,
                0.6363150024887192
            ],
            "f1": [
                0.7303283656007872,
                0.08197860219535917
            ]
        },
        "KNN": {
            "accuracy": [
                0.9236267814726841,
                0.8946445433697559
            ],
            "recall": [
                0.9398159144893111,
                0.7806372549019608
            ],
            "precision": [
                0.9103406623430782,
                0.17783361250697935
            ],
            "auc": [
                0.9236267814726841,
                0.8392539860305338
            ],
            "f1": [
                0.9248435000474796,
                0.2896771259663483
            ]
        },
        "Decision Tree": {
            "accuracy": [
                0.6773827197149643,
                0.44030756778632135
            ],
            "recall": [
                0.9245249406175772,
                0.8088235294117647
            ],
            "precision": [
                0.6187074660970643,
                0.03859649122807018
            ],
            "auc": [
                0.6773827197149643,
                0.6193514234657658
            ],
            "f1": [
                0.7413147635627771,
                0.07367716008037509
            ]
        },
        "MLP": {
            "accuracy": [
                0.5,
                0.027519222986645085
            ],
            "recall": [
                1.0,
                1.0
            ],
            "precision": [
                0.5,
                0.027519222986645085
            ],
            "auc": [
                0.5,
                0.5
            ],
            "f1": [
                0.6666666666666666,
                0.05356439543127216
            ]
        },
        "Random Forest": {
            "accuracy": [
                0.7950712589073634,
                0.7156684203426413
            ],
            "recall": [
                0.8679038004750593,
                0.5526960784313726
            ],
            "precision": [
                0.7575545534649873,
                0.052952917694023716
            ],
            "auc": [
                0.7950712589073633,
                0.6364881418651522
            ],
            "f1": [
                0.8089834777073589,
                0.09664630879674274
            ]
        },
        "Gradient Boosting": {
            "accuracy": [
                0.9999925771971496,
                0.9822946175637394
            ],
            "recall": [
                1.0,
                0.5061274509803921
            ],
            "precision": [
                0.9999851546146881,
                0.77196261682243
            ],
            "auc": [
                0.9999925771971496,
                0.7509483141987549
            ],
            "f1": [
                0.9999925772522472,
                0.6113989637305699
            ]
        }
    },
    "Financial Distress": {
        "Naive Bayes": {
            "accuracy": [
                0.8,
                0.9274047186932849
            ],
            "recall": [
                0.6444444444444445,
                0.6521739130434783
            ],
            "precision": [
                0.9354838709677419,
                0.3191489361702128
            ],
            "auc": [
                0.8,
                0.7957839262187089
            ],
            "f1": [
                0.7631578947368421,
                0.42857142857142855
            ]
        },
        "KNN": {
            "accuracy": [
                0.8,
                0.7722323049001815
            ],
            "recall": [
                0.7777777777777778,
                0.8260869565217391
            ],
            "precision": [
                0.813953488372093,
                0.13523131672597866
            ],
            "auc": [
                0.8,
                0.7979866600790515
            ],
            "f1": [
                0.7954545454545454,
                0.2324159021406728
            ]
        },
        "Decision Tree": {
            "accuracy": [
                0.8888888888888888,
                0.7441016333938294
            ],
            "recall": [
                0.9777777777777777,
                0.9130434782608695
            ],
            "precision": [
                0.8301886792452831,
                0.13125
            ],
            "auc": [
                0.888888888888889,
                0.824892951251647
            ],
            "f1": [
                0.8979591836734694,
                0.22950819672131148
            ]
        },
        "MLP": {
            "accuracy": [
                0.5277777777777778,
                0.0780399274047187
            ],
            "recall": [
                1.0,
                1.0
            ],
            "precision": [
                0.5142857142857142,
                0.04331450094161959
            ],
            "auc": [
                0.5277777777777778,
                0.5189393939393939
            ],
            "f1": [
                0.6792452830188679,
                0.08303249097472924
            ]
        },
        "Random Forest": {
            "accuracy": [
                0.9944444444444445,
                0.8284936479128857
            ],
            "recall": [
                1.0,
                0.9130434782608695
            ],
            "precision": [
                0.989010989010989,
                0.18502202643171806
            ],
            "auc": [
                0.9944444444444445,
                0.8689270421607378
            ],
            "f1": [
                0.994475138121547,
                0.3076923076923077
            ]
        },
        "Gradient Boosting": {
            "accuracy": [
                1.0,
                0.8103448275862069
            ],
            "recall": [
                1.0,
                0.9347826086956522
            ],
            "precision": [
                1.0,
                0.17269076305220885
            ],
            "auc": [
                1.0,
                0.8698534255599474
            ],
            "f1": [
                1.0,
                0.29152542372881357
            ]
        }
    }
}