{
    "NY Arrests": {
        "Naive Bayes": {
            "accuracy": [
                0.6910897997357521,
                0.5573648899227942
            ],
            "recall": [
                0.829070233517911,
                0.7822164948453608
            ],
            "precision": [
                0.649761489237929,
                0.04474091545662269
            ],
            "auc": [
                0.6910897997357521,
                0.6667703557834213
            ],
            "f1": [
                0.7285452446334575,
                0.08464059122917103
            ]
        },
        "KNN": {
            "accuracy": [
                0.9303751428868337,
                0.9019925154242945
            ],
            "recall": [
                0.951618889268271,
                0.7847938144329897
            ],
            "precision": [
                0.9128348261965453,
                0.18184532696327263
            ],
            "auc": [
                0.9303751428868337,
                0.8449674455581947
            ],
            "f1": [
                0.9318234678450983,
                0.2952727272727273
            ]
        },
        "Decision Tree": {
            "accuracy": [
                0.6772835913956147,
                0.44135396648798086
            ],
            "recall": [
                0.9245112156886032,
                0.8195876288659794
            ],
            "precision": [
                0.6186275678467835,
                0.037267080745341616
            ],
            "auc": [
                0.6772835913956147,
                0.625390144708219
            ],
            "f1": [
                0.7412529979943938,
                0.07129245600269028
            ]
        },
        "MLP": {
            "accuracy": [
                0.5007051558023189,
                0.026162300664171807
            ],
            "recall": [
                1.0,
                1.0
            ],
            "precision": [
                0.5003528266989534,
                0.026162300664171807
            ],
            "auc": [
                0.5007051558023188,
                0.5
            ],
            "f1": [
                0.6669802166465335,
                0.0509905706869928
            ]
        },
        "Random Forest": {
            "accuracy": [
                0.8054215347159336,
                0.737264421293955
            ],
            "recall": [
                0.8730719555826072,
                0.5798969072164949
            ],
            "precision": [
                0.7690225563909775,
                0.05683971201212581
            ],
            "auc": [
                0.8054215347159336,
                0.6606945155781281
            ],
            "f1": [
                0.8177507717122278,
                0.10353157713102497
            ]
        },
        "Gradient Boosting": {
            "accuracy": [
                1.0,
                0.9837497049998314
            ],
            "recall": [
                1.0,
                0.5515463917525774
            ],
            "precision": [
                1.0,
                0.7615658362989324
            ],
            "auc": [
                1.0,
                0.7734536528608827
            ],
            "f1": [
                1.0,
                0.6397608370702541
            ]
        }
    },
    "Financial Distress": {
        "Naive Bayes": {
            "accuracy": [
                0.5769230769230769,
                0.1851179673321234
            ],
            "recall": [
                0.9711538461538461,
                0.875
            ],
            "precision": [
                0.543010752688172,
                0.03036876355748373
            ],
            "auc": [
                0.5769230769230769,
                0.5197429906542056
            ],
            "f1": [
                0.696551724137931,
                0.05870020964360587
            ]
        },
        "KNN": {
            "accuracy": [
                0.7980769230769231,
                0.7903811252268602
            ],
            "recall": [
                0.7596153846153846,
                0.9375
            ],
            "precision": [
                0.8229166666666666,
                0.11583011583011583
            ],
            "auc": [
                0.798076923076923,
                0.8617406542056074
            ],
            "f1": [
                0.79,
                0.20618556701030927
            ]
        },
        "Decision Tree": {
            "accuracy": [
                0.9711538461538461,
                0.79491833030853
            ],
            "recall": [
                0.9711538461538461,
                0.9375
            ],
            "precision": [
                0.9711538461538461,
                0.11811023622047244
            ],
            "auc": [
                0.9711538461538463,
                0.8640771028037382
            ],
            "f1": [
                0.9711538461538461,
                0.2097902097902098
            ]
        },
        "MLP": {
            "accuracy": [
                0.5,
                0.029038112522686024
            ],
            "recall": [
                1.0,
                1.0
            ],
            "precision": [
                0.5,
                0.029038112522686024
            ],
            "auc": [
                0.5,
                0.5
            ],
            "f1": [
                0.6666666666666666,
                0.0564373897707231
            ]
        },
        "Random Forest": {
            "accuracy": [
                1.0,
                0.837568058076225
            ],
            "recall": [
                1.0,
                0.9375
            ],
            "precision": [
                1.0,
                0.14492753623188406
            ],
            "auc": [
                1.0,
                0.8860397196261682
            ],
            "f1": [
                1.0,
                0.2510460251046025
            ]
        },
        "Gradient Boosting": {
            "accuracy": [
                1.0,
                0.8348457350272233
            ],
            "recall": [
                1.0,
                0.9375
            ],
            "precision": [
                1.0,
                0.14285714285714285
            ],
            "auc": [
                1.0,
                0.8846378504672897
            ],
            "f1": [
                1.0,
                0.24793388429752067
            ]
        }
    }
}