{
    "NY Arrests": {
        "Naive Bayes": {
            "accuracy": [
                0.7151518299741756,
                0.6371269600404653
            ],
            "recall": [
                0.7929888094036629,
                0.6648575305291723
            ],
            "precision": [
                0.6861700078338706,
                0.044529262086514
            ],
            "auc": [
                0.7151518299741755,
                0.6506388766139187
            ],
            "f1": [
                0.735722400082619,
                0.08346818839962525
            ]
        },
        "KNN": {
            "accuracy": [
                0.9238252842174003,
                0.9012982633619963
            ],
            "recall": [
                0.939550001484164,
                0.7896879240162822
            ],
            "precision": [
                0.9109026288904557,
                0.1735241502683363
            ],
            "auc": [
                0.9238252842174004,
                0.8469153362387242
            ],
            "f1": [
                0.9250045662100457,
                0.28452701051087753
            ]
        },
        "Decision Tree": {
            "accuracy": [
                0.6778622102169848,
                0.44151070645759566
            ],
            "recall": [
                0.9238623883166612,
                0.8005427408412483
            ],
            "precision": [
                0.6192105681999045,
                0.03469567774184063
            ],
            "auc": [
                0.6778622102169848,
                0.6164516041850616
            ],
            "f1": [
                0.7414624849618239,
                0.0665088490587307
            ]
        },
        "MLP": {
            "accuracy": [
                0.5,
                0.02485247007250042
            ],
            "recall": [
                1.0,
                1.0
            ],
            "precision": [
                0.5,
                0.02485247007250042
            ],
            "auc": [
                0.5,
                0.5
            ],
            "f1": [
                0.6666666666666666,
                0.04849960515925243
            ]
        },
        "Random Forest": {
            "accuracy": [
                0.6778622102169848,
                0.44151070645759566
            ],
            "recall": [
                0.9238623883166612,
                0.8005427408412483
            ],
            "precision": [
                0.6192105681999045,
                0.03469567774184063
            ],
            "auc": [
                0.6778622102169848,
                0.6164516041850616
            ],
            "f1": [
                0.7414624849618239,
                0.0665088490587307
            ]
        },
        "Gradient Boosting": {
            "accuracy": [
                0.9624135474487221,
                0.9078401618614061
            ],
            "recall": [
                0.998872035382469,
                0.5251017639077341
            ],
            "precision": [
                0.9309872598248745,
                0.13971119133574006
            ],
            "auc": [
                0.9624135474487221,
                0.7213481708396821
            ],
            "f1": [
                0.9637356893798911,
                0.22070145423438836
            ]
        }
    },
    "Financial Distress": {
        "Naive Bayes": {
            "accuracy": [
                0.5909090909090909,
                0.19147005444646098
            ],
            "recall": [
                0.9696969696969697,
                0.8918918918918919
            ],
            "precision": [
                0.5517241379310345,
                0.035869565217391305
            ],
            "auc": [
                0.5909090909090909,
                0.5295140210633168
            ],
            "f1": [
                0.7032967032967034,
                0.06896551724137931
            ]
        },
        "KNN": {
            "accuracy": [
                0.7272727272727273,
                0.5680580762250453
            ],
            "recall": [
                0.8383838383838383,
                0.9459459459459459
            ],
            "precision": [
                0.6859504132231405,
                0.068762278978389
            ],
            "auc": [
                0.7272727272727272,
                0.7504377617053674
            ],
            "f1": [
                0.7545454545454545,
                0.1282051282051282
            ]
        },
        "Decision Tree": {
            "accuracy": [
                0.8636363636363636,
                0.7441016333938294
            ],
            "recall": [
                0.9797979797979798,
                0.972972972972973
            ],
            "precision": [
                0.7950819672131147,
                0.11356466876971609
            ],
            "auc": [
                0.8636363636363635,
                0.8545616038573787
            ],
            "f1": [
                0.8778280542986425,
                0.2033898305084746
            ]
        },
        "MLP": {
            "accuracy": [
                0.5505050505050505,
                0.1896551724137931
            ],
            "recall": [
                0.9393939393939394,
                1.0
            ],
            "precision": [
                0.5284090909090909,
                0.03978494623655914
            ],
            "auc": [
                0.5505050505050506,
                0.5807511737089202
            ],
            "f1": [
                0.6763636363636364,
                0.07652533609100311
            ]
        },
        "Random Forest": {
            "accuracy": [
                0.9040404040404041,
                0.7976406533575318
            ],
            "recall": [
                0.9494949494949495,
                0.9459459459459459
            ],
            "precision": [
                0.8703703703703703,
                0.13671875
            ],
            "auc": [
                0.904040404040404,
                0.8692171044283721
            ],
            "f1": [
                0.9082125603864735,
                0.23890784982935154
            ]
        },
        "Gradient Boosting": {
            "accuracy": [
                1.0,
                0.8021778584392014
            ],
            "recall": [
                1.0,
                0.9459459459459459
            ],
            "precision": [
                1.0,
                0.1394422310756972
            ],
            "auc": [
                1.0,
                0.8715645222687478
            ],
            "f1": [
                1.0,
                0.24305555555555555
            ]
        }
    }
}