{
    "NY Arrests": {
        "Naive Bayes": {
            "accuracy": [
                0.7000148312940304,
                0.5913090381957321
            ],
            "recall": [
                0.8105153874675566,
                0.6890982503364738
            ],
            "precision": [
                0.6638121614070889,
                0.04127700741696227
            ],
            "auc": [
                0.7000148312940304,
                0.6389474654171996
            ],
            "f1": [
                0.7298649090824101,
                0.07788849167110368
            ]
        },
        "KNN": {
            "accuracy": [
                0.9380793474230626,
                0.9098203148703773
            ],
            "recall": [
                0.9596737115313311,
                0.7940780619111709
            ],
            "precision": [
                0.9199425622360919,
                0.18958868894601544
            ],
            "auc": [
                0.9380793474230628,
                0.8534359880786836
            ],
            "f1": [
                0.9393882202639334,
                0.30609597924773024
            ]
        },
        "Decision Tree": {
            "accuracy": [
                0.6737041156840934,
                0.4550787175943094
            ],
            "recall": [
                0.9007193177604746,
                0.7604306864064603
            ],
            "precision": [
                0.6194638813521288,
                0.03413691015648601
            ],
            "auc": [
                0.6737041156840935,
                0.6038322173387765
            ],
            "f1": [
                0.7340734786629035,
                0.065340580548167
            ]
        },
        "MLP": {
            "accuracy": [
                0.5,
                0.025048039645349424
            ],
            "recall": [
                1.0,
                1.0
            ],
            "precision": [
                0.5,
                0.025048039645349424
            ],
            "auc": [
                0.5,
                0.5
            ],
            "f1": [
                0.6666666666666666,
                0.04887193317108465
            ]
        },
        "Random Forest": {
            "accuracy": [
                0.7383166481275492,
                0.6200654013417388
            ],
            "recall": [
                0.8580200222469411,
                0.6433378196500673
            ],
            "precision": [
                0.6922828389196692,
                0.04162675259078638
            ],
            "auc": [
                0.7383166481275489,
                0.6314026580961263
            ],
            "f1": [
                0.766292253894246,
                0.07819401275969246
            ]
        },
        "Gradient Boosting": {
            "accuracy": [
                0.9999332591768632,
                0.9837845126925799
            ],
            "recall": [
                0.9999851687059695,
                0.5020188425302826
            ],
            "precision": [
                0.9998813619646458,
                0.7706611570247934
            ],
            "auc": [
                0.9999332591768632,
                0.7490903341282118
            ],
            "f1": [
                0.999933262641168,
                0.6079869600651997
            ]
        }
    },
    "Financial Distress": {
        "Naive Bayes": {
            "accuracy": [
                0.7865168539325843,
                0.9183303085299456
            ],
            "recall": [
                0.6292134831460674,
                0.6595744680851063
            ],
            "precision": [
                0.9180327868852459,
                0.29523809523809524
            ],
            "auc": [
                0.7865168539325842,
                0.7947161439951598
            ],
            "f1": [
                0.7466666666666667,
                0.40789473684210525
            ]
        },
        "KNN": {
            "accuracy": [
                0.8033707865168539,
                0.6960072595281307
            ],
            "recall": [
                0.8426966292134831,
                0.8936170212765957
            ],
            "precision": [
                0.78125,
                0.11290322580645161
            ],
            "auc": [
                0.8033707865168539,
                0.7904104063728951
            ],
            "f1": [
                0.8108108108108109,
                0.20047732696897375
            ]
        },
        "Decision Tree": {
            "accuracy": [
                1.0,
                0.7840290381125227
            ],
            "recall": [
                1.0,
                0.9574468085106383
            ],
            "precision": [
                1.0,
                0.1601423487544484
            ],
            "auc": [
                1.0,
                0.8668750630230918
            ],
            "f1": [
                1.0,
                0.27439024390243905
            ]
        },
        "MLP": {
            "accuracy": [
                0.5337078651685393,
                0.06896551724137931
            ],
            "recall": [
                1.0,
                1.0
            ],
            "precision": [
                0.5174418604651163,
                0.04380242311276794
            ],
            "auc": [
                0.5337078651685394,
                0.5137440758293839
            ],
            "f1": [
                0.6819923371647509,
                0.08392857142857142
            ]
        },
        "Random Forest": {
            "accuracy": [
                0.9213483146067416,
                0.7631578947368421
            ],
            "recall": [
                0.9550561797752809,
                0.9787234042553191
            ],
            "precision": [
                0.8947368421052632,
                0.1503267973856209
            ],
            "auc": [
                0.9213483146067415,
                0.8661389533124936
            ],
            "f1": [
                0.9239130434782609,
                0.26062322946175637
            ]
        },
        "Gradient Boosting": {
            "accuracy": [
                1.0,
                0.7849364791288567
            ],
            "recall": [
                1.0,
                0.9574468085106383
            ],
            "precision": [
                1.0,
                0.16071428571428573
            ],
            "auc": [
                1.0,
                0.8673489966723809
            ],
            "f1": [
                1.0,
                0.27522935779816515
            ]
        }
    }
}