{
    "NY Arrests": {
        "Naive Bayes": {
            "accuracy": [
                0.6881911151351432,
                0.5188532883642496
            ],
            "recall": [
                0.8612500556602793,
                0.7424242424242424
            ],
            "precision": [
                0.639802849203899,
                0.03687234915857163
            ],
            "auc": [
                0.6881911151351432,
                0.6278329205483126
            ],
            "f1": [
                0.7341916300256224,
                0.07025547445255474
            ]
        },
        "KNN": {
            "accuracy": [
                0.9213408932361629,
                0.8925126475548061
            ],
            "recall": [
                0.9389221201371469,
                0.78099173553719
            ],
            "precision": [
                0.9070287631556307,
                0.15771905424200278
            ],
            "auc": [
                0.9213408932361629,
                0.8381517936433012
            ],
            "f1": [
                0.9226999234219451,
                0.26243925017357095
            ]
        },
        "Decision Tree": {
            "accuracy": [
                0.6801982990218634,
                0.4420573355817875
            ],
            "recall": [
                0.927136983658142,
                0.8016528925619835
            ],
            "precision": [
                0.6206245591026062,
                0.034273599905777045
            ],
            "auc": [
                0.6801982990218634,
                0.6173421425885565
            ],
            "f1": [
                0.7435305320795144,
                0.06573671429378213
            ]
        },
        "MLP": {
            "accuracy": [
                0.5,
                0.02448566610455312
            ],
            "recall": [
                1.0,
                1.0
            ],
            "precision": [
                0.5,
                0.02448566610455312
            ],
            "auc": [
                0.5,
                0.5
            ],
            "f1": [
                0.6666666666666666,
                0.0478008954437714
            ]
        },
        "Random Forest": {
            "accuracy": [
                0.6801982990218634,
                0.4420573355817875
            ],
            "recall": [
                0.927136983658142,
                0.8016528925619835
            ],
            "precision": [
                0.6206245591026062,
                0.034273599905777045
            ],
            "auc": [
                0.6801982990218634,
                0.6173421425885565
            ],
            "f1": [
                0.7435305320795144,
                0.06573671429378213
            ]
        },
        "Gradient Boosting": {
            "accuracy": [
                0.9997922016237959,
                0.9820573355817875
            ],
            "recall": [
                0.9999851572588425,
                0.5179063360881543
            ],
            "precision": [
                0.9995994005845784,
                0.6738351254480287
            ],
            "auc": [
                0.9997922016237958,
                0.7558069918582107
            ],
            "f1": [
                0.9997922417119283,
                0.5856697819314641
            ]
        }
    },
    "Financial Distress": {
        "Naive Bayes": {
            "accuracy": [
                0.6190476190476191,
                0.29038112522686027
            ],
            "recall": [
                0.9238095238095239,
                0.967741935483871
            ],
            "precision": [
                0.5739644970414202,
                0.036991368680641186
            ],
            "auc": [
                0.6190476190476191,
                0.6192584560706003
            ],
            "f1": [
                0.708029197080292,
                0.07125890736342043
            ]
        },
        "KNN": {
            "accuracy": [
                0.8095238095238095,
                0.6950998185117967
            ],
            "recall": [
                0.8285714285714286,
                0.7741935483870968
            ],
            "precision": [
                0.7981651376146789,
                0.0679886685552408
            ],
            "auc": [
                0.8095238095238095,
                0.7335020029517183
            ],
            "f1": [
                0.8130841121495327,
                0.125
            ]
        },
        "Decision Tree": {
            "accuracy": [
                0.8666666666666667,
                0.7704174228675136
            ],
            "recall": [
                0.9333333333333333,
                0.967741935483871
            ],
            "precision": [
                0.8235294117647058,
                0.10638297872340426
            ],
            "auc": [
                0.8666666666666668,
                0.8662239089184061
            ],
            "f1": [
                0.875,
                0.19169329073482427
            ]
        },
        "MLP": {
            "accuracy": [
                0.5333333333333333,
                0.06715063520871144
            ],
            "recall": [
                1.0,
                1.0
            ],
            "precision": [
                0.5172413793103449,
                0.02927289896128423
            ],
            "auc": [
                0.5333333333333333,
                0.5200746965452847
            ],
            "f1": [
                0.6818181818181818,
                0.05688073394495413
            ]
        },
        "Random Forest": {
            "accuracy": [
                0.8761904761904762,
                0.8148820326678766
            ],
            "recall": [
                0.9238095238095239,
                0.967741935483871
            ],
            "precision": [
                0.8434782608695652,
                0.12875536480686695
            ],
            "auc": [
                0.8761904761904762,
                0.8890997259118701
            ],
            "f1": [
                0.8818181818181818,
                0.22727272727272727
            ]
        },
        "Gradient Boosting": {
            "accuracy": [
                1.0,
                0.8121597096188747
            ],
            "recall": [
                1.0,
                0.967741935483871
            ],
            "precision": [
                1.0,
                0.1271186440677966
            ],
            "auc": [
                1.0,
                0.8876991656877805
            ],
            "f1": [
                1.0,
                0.2247191011235955
            ]
        }
    }
}